"1";"dělat";"75480";""
"2";"dohodnout";"4641";""
"3";"domluvit";"4046";""
"4";"dostavit";"2705";""
"5";"dotýkat";"3828";""
"6";"hlásit";"5802";""
"7";"jevit";"4706";""
"8";"mluvit";"48180";""
"9";"modlit";"3055";""
"10";"mýlit";"2646";""
"11";"nabízet";"23951";""
"12";"nadechnout";"3449";""
"13";"naklonit";"4129";""
"14";"napít";"2867";""
"15";"nazývat";"6973";""
"16";"obejít";"5096";""
"17";"obracet";"3360";""
"18";"odehrát";"5652";""
"19";"odmlčet";"2730";""
"20";"odrážet";"4192";""
"21";"odvážit";"2673";""
"22";"ohlédnout";"2379";""
"23";"omlouvat";"3582";""
"24";"opakovat";"10222";""
"25";"opírat";"3350";""
"26";"opřít";"4990";""
"27";"ozývat";"2681";""
"28";"počítat";"15023";""
"29";"pohnout";"4555";""
"30";"potkat";"9553";""
"31";"považovat";"24699";""
"32";"prodávat";"9154";""
"33";"proměnit";"6722";""
"34";"představit";"23959";""
"35";"přestěhovat";"3008";""
"36";"přesunout";"4028";""
"37";"přesvědčit";"11740";""
"38";"přiblížit";"6177";""
"39";"přidat";"15018";""
"40";"přihlásit";"4415";""
"41";"připojit";"6453";""
"42";"připravit";"23314";""
"43";"připravovat";"9464";""
"44";"přiznat";"10699";""
"45";"psát";"26224";""
"46";"radovat";"2853";""
"47";"rozběhnout";"2812";""
"48";"rozesmát";"2953";""
"49";"rozhlédnout";"3422";""
"50";"rozloučit";"3202";""
"51";"rozšířit";"7094";""
"52";"řídit";"11158";""
"53";"shodnout";"2581";""
"54";"skládat";"4816";""
"55";"skrývat";"6097";""
"56";"snížit";"8247";""
"57";"spojit";"9543";""
"58";"stydět";"3555";""
"59";"svěřit";"5000";""
"60";"šířit";"4043";""
"61";"táhnout";"7479";""
"62";"točit";"5237";""
"63";"třást";"3504";""
"64";"ujmout";"2892";""
"65";"ukazovat";"15511";""
"66";"uklidnit";"4264";""
"67";"usadit";"4517";""
"68";"vědět";"151747";""
"69";"vejít";"9705";""
"70";"vidět";"99270";""
"71";"vrhnout";"5867";""
"72";"vyhýbat";"3884";""
"73";"vyjádřit";"7974";""
"74";"vynořit";"2780";""
"75";"vyplatit";"4792";""
"76";"vyrábět";"7978";""
"77";"vyrovnat";"5072";""
"78";"vyvíjet";"4459";""
"79";"vyznačovat";"2644";""
"80";"vzdát";"6200";""
"81";"vzít";"44928";""
"82";"vznášet";"2567";""
"83";"vztahovat";"2745";""
"84";"zadívat";"4035";""
"85";"zachovat";"7609";""
"86";"zaměřit";"6239";""
"87";"zaměřovat";"2686";""
"88";"zamilovat";"3078";""
"90";"zapojit";"4994";""
"91";"zarazit";"4309";""
"92";"zlobit";"3822";""
"93";"zmínit";"6897";""
"94";"zmocnit";"2526";""
"95";"znát";"41323";""
"96";"ztratit";"15636";""
"97";"zvedat";"4542";""
"98";"zvýšit";"9406";""
"99";"zvyšovat";"6756";""
"100";"živit";"3846";""
"1";"bát";"19260";""
"2";"bavit";"14077";""
"3";"blížit";"6804";""
"4";"bránit";"11022";""
"5";"cítit";"39322";""
"6";"dařit";"9101";""
"7";"dát";"112636";""
"8";"dít";"14291";""
"9";"dívat";"25804";""
"10";"divit";"5034";""
"11";"dočkat";"6683";""
"12";"domnívat";"7579";""
"13";"dostat";"82781";""
"14";"dostávat";"12059";""
"15";"dotknout";"7812";""
"16";"dozvědět";"11663";""
"17";"držet";"26017";""
"18";"hodit";"14942";""
"19";"hrát";"49537";""
"20";"chovat";"13912";""
"21";"chtít";"189887";""
"22";"chystat";"12166";""
"23";"jednat";"26822";""
"24";"jmenovat";"14099";""
"25";"konat";"10395";""
"26";"líbit";"18295";""
"27";"lišit";"7498";""
"28";"měnit";"16219";""
"29";"mít";"734066";""
"30";"moci";"411376";""
"31";"muset";"200381";""
"32";"nacházet";"16115";""
"33";"najít";"61257";""
"34";"narodit";"9620";""
"35";"naučit";"13345";""
"36";"nechat";"54787";""
"37";"obávat";"5221";""
"38";"objevit";"32222";""
"39";"objevovat";"10061";""
"40";"obrátit";"12159";""
"41";"ocitnout";"6374";""
"42";"odehrávat";"4121";""
"43";"otevřít";"28531";""
"44";"otočit";"15355";""
"45";"ozvat";"10935";""
"46";"podařit";"24603";""
"47";"podílet";"7370";""
"48";"podívat";"34361";""
"49";"podobat";"4353";""
"50";"pohybovat";"13022";""
"51";"pokoušet";"9222";""
"52";"pokusit";"12334";""
"53";"posadit";"9291";""
"54";"postarat";"5953";""
"55";"postavit";"21196";""
"56";"používat";"25136";""
"57";"povést";"6568";""
"58";"probudit";"6689";""
"59";"projevit";"6939";""
"60";"projevovat";"6176";""
"61";"ptát";"18191";""
"62";"pustit";"15933";""
"63";"rozhodnout";"33403";""
"64";"říkat";"99346";""
"65";"sejít";"8642";""
"66";"setkat";"11068";""
"67";"setkávat";"4264";""
"68";"seznámit";"6266";""
"69";"smát";"10891";""
"70";"snažit";"45894";""
"71";"soustředit";"7061";""
"72";"starat";"8605";""
"73";"stát";"182776";""
"74";"stávat";"12289";""
"75";"těšit";"12774";""
"76";"tvářit";"4338";""
"77";"týkat";"13853";""
"78";"účastnit";"4263";""
"79";"učit";"11331";""
"80";"ukázat";"32018";""
"81";"uskutečnit";"6640";""
"82";"usmát";"12232";""
"83";"usmívat";"6469";""
"84";"věnovat";"21238";""
"85";"vracet";"14208";""
"86";"vrátit";"46132";""
"87";"vydat";"21220";""
"88";"vyhnout";"6318";""
"89";"vyskytovat";"7184";""
"90";"zabývat";"10882";""
"91";"začít";"98617";""
"92";"zajímat";"16137";""
"93";"zasmát";"6126";""
"94";"zastavit";"20708";""
"95";"zbavit";"8287";""
"96";"zdát";"29975";""
"97";"zeptat";"35240";""
"98";"změnit";"26276";""
"99";"zúčastnit";"5480";""
"100";"zvednout";"17969";""
"1";"brát";"23660";""
"2";"být";"4044082";""
"3";"čekat";"48386";""
"4";"dělit";"4357";""
"5";"dokázat";"58783";""
"6";"dopustit";"3338";""
"7";"dovědět";"1444";""
"8";"hádat";"3292";""
"9";"hnát";"3120";""
"10";"hýbat";"2704";""
"11";"chlubit";"1584";""
"12";"chvět";"2014";""
"13";"chytit";"7144";""
"14";"jít";"160655";""
"15";"lesknout";"1580";""
"16";"natáhnout";"5978";""
"17";"nést";"12988";""
"18";"očekávat";"12181";""
"19";"odrazit";"1929";""
"20";"odstěhovat";"1640";""
"21";"odvíjet";"1489";""
"22";"omluvit";"2708";""
"23";"orientovat";"2192";""
"24";"otáčet";"3160";""
"25";"otevírat";"4385";""
"26";"označovat";"6372";""
"27";"oženit";"2235";""
"28";"plést";"2639";""
"29";"pochlubit";"1640";""
"30";"ponořit";"2360";""
"31";"posunout";"4177";""
"32";"potýkat";"1900";""
"33";"poznat";"19220";""
"34";"pracovat";"36219";""
"35";"procházet";"8706";""
"36";"propadnout";"3379";""
"37";"prosadit";"4730";""
"38";"protáhnout";"2719";""
"39";"provádět";"9214";""
"40";"předpokládat";"11947";""
"41";"přibližovat";"2396";""
"42";"přihodit";"2154";""
"43";"přizpůsobit";"3336";""
"44";"rodit";"2683";""
"45";"rozejít";"1913";""
"46";"rozhlížet";"2171";""
"47";"rozhodovat";"6598";""
"48";"rozjet";"3117";""
"49";"rozpadnout";"1584";""
"50";"rozplakat";"1533";""
"51";"rozvíjet";"4301";""
"52";"řešit";"16016";""
"53";"řítit";"1464";""
"54";"shodovat";"1953";""
"55";"scházet";"4291";""
"56";"schovat";"3988";""
"57";"sklonit";"2944";""
"58";"smět";"18462";""
"59";"smířit";"2387";""
"60";"snižovat";"4868";""
"61";"spokojit";"1959";""
"62";"spolehnout";"1462";""
"63";"stáhnout";"7100";""
"64";"stavět";"6364";""
"65";"stavit";"4317";""
"66";"stěhovat";"1794";""
"67";"střídat";"3224";""
"68";"trápit";"5762";""
"69";"trefit";"3499";""
"70";"udělat";"60014";""
"71";"udržet";"9717";""
"72";"ujistit";"3795";""
"73";"ulevit";"2571";""
"74";"uplatňovat";"2781";""
"75";"ušklíbnout";"1582";""
"76";"uvidět";"17862";""
"77";"uvolnit";"5157";""
"78";"válet";"1770";""
"79";"valit";"1661";""
"80";"vést";"43036";""
"81";"vydávat";"6626";""
"82";"vyjadřovat";"5474";""
"83";"vypořádat";"1750";""
"84";"vypravit";"2779";""
"85";"vyptávat";"1957";""
"86";"vytratit";"1608";""
"87";"vytvořit";"20762";""
"88";"využívat";"15875";""
"89";"vyvinout";"4379";""
"90";"vyznat";"2016";""
"91";"vzpamatovat";"1975";""
"92";"zahledět";"1468";""
"93";"zamračit";"1936";""
"94";"zbláznit";"1898";""
"95";"zdržet";"1921";""
"96";"zhroutit";"2052";""
"97";"zlepšit";"4614";""
"98";"zmiňovat";"2892";""
"99";"zrodit";"1977";""
"100";"ztrácet";"7363";""
"1";"dávat";"29075";""
"2";"dočíst";"1709";""
"3";"dohadovat";"1081";""
"4";"dochovat";"1126";""
"5";"doporučovat";"6650";""
"6";"dožít";"1406";""
"7";"hledat";"25935";""
"8";"hnout";"2184";""
"9";"honit";"2169";""
"10";"hovořit";"10724";""
"11";"hrnout";"1236";""
"12";"chopit";"1326";""
"13";"inspirovat";"3629";""
"14";"jet";"26053";""
"15";"koukat";"5903";""
"16";"léčit";"3116";""
"17";"loučit";"1351";""
"18";"milovat";"16776";""
"19";"mísit";"1154";""
"20";"najíst";"1532";""
"21";"naplnit";"5143";""
"22";"naskytnout";"1104";""
"23";"nastěhovat";"1213";""
"24";"nudit";"1789";""
"25";"oblékat";"1891";""
"26";"odlišovat";"1739";""
"27";"odvrátit";"2768";""
"28";"osvědčit";"1414";""
"29";"otázat";"1115";""
"30";"pamatovat";"12979";""
"31";"platit";"28533";""
"32";"podávat";"6692";""
"33";"podělit";"1440";""
"34";"podepsat";"6441";""
"35";"podivit";"1283";""
"36";"potit";"1051";""
"37";"potvrdit";"11464";""
"38";"pousmát";"1047";""
"39";"pouštět";"3674";""
"40";"prát";"2028";""
"41";"probouzet";"1775";""
"42";"probrat";"3190";""
"43";"prodat";"8238";""
"44";"projít";"14487";""
"45";"promítat";"1778";""
"46";"provdat";"1207";""
"47";"přestat";"16867";""
"48";"přidávat";"3621";""
"49";"rovnat";"1469";""
"50";"rozdělit";"6756";""
"51";"rozkládat";"1667";""
"52";"rozpadat";"1114";""
"53";"rozplynout";"1020";""
"54";"rozsvítit";"2327";""
"55";"rozšiřovat";"2864";""
"56";"rozvést";"1454";""
"57";"rozzářit";"1296";""
"58";"rýsovat";"1243";""
"59";"řadit";"2954";""
"60";"říci";"180576";""
"61";"schovávat";"2357";""
"62";"sklánět";"1265";""
"63";"specializovat";"1135";""
"64";"spoléhat";"2832";""
"65";"spustit";"7053";""
"66";"střetnout";"1123";""
"67";"stýkat";"1233";""
"68";"stýskat";"1378";""
"69";"svézt";"1345";""
"70";"tvořit";"21495";""
"71";"tyčit";"1038";""
"72";"ubránit";"1447";""
"73";"ucházet";"1099";""
"74";"uchýlit";"973";""
"75";"ukrývat";"1822";""
"76";"uplatnit";"3065";""
"77";"utkat";"1407";""
"78";"uvádět";"10952";""
"79";"užívat";"8893";""
"80";"vdát";"1127";""
"81";"vsadit";"3273";""
"82";"vybavit";"7129";""
"83";"vyskytnout";"1155";""
"84";"vyspat";"1536";""
"85";"vyšplhat";"1722";""
"86";"vytvářet";"12299";""
"87";"vzdálit";"1822";""
"88";"vzdalovat";"1290";""
"89";"vzdávat";"1703";""
"90";"začínat";"24735";""
"91";"zachvět";"1313";""
"92";"zamlouvat";"1060";""
"93";"zapsat";"4211";""
"94";"zařadit";"5549";""
"95";"zatvářit";"1343";""
"96";"zavřít";"11604";""
"97";"zdržovat";"1813";""
"98";"zlepšovat";"2277";""
"99";"zranit";"2952";""
"100";"zřítit";"1182";""
"1";"angažovat";"1371";""
"2";"děsit";"2415";""
"3";"dozvídat";"818";""
"4";"dožadovat";"842";""
"5";"drát";"3810";""
"6";"hemžit";"828";""
"7";"houpat";"1090";""
"8";"chodit";"30082";""
"9";"jezdit";"14242";""
"10";"koupat";"1193";""
"11";"krčit";"1436";""
"12";"leknout";"971";""
"13";"lepit";"1277";""
"14";"motat";"897";""
"15";"mračit";"747";""
"16";"nabídnout";"13898";""
"17";"naklánět";"1002";""
"18";"napřímit";"893";""
"19";"narovnat";"1558";""
"20";"obléknout";"2475";""
"21";"obtěžovat";"2163";""
"22";"ocitat";"880";""
"23";"octnout";"832";""
"24";"odebrat";"2294";""
"25";"odhadovat";"3400";""
"26";"odhodlat";"1172";""
"27";"odvažovat";"893";""
"28";"odvolat";"3090";""
"29";"ohlížet";"959";""
"30";"ohradit";"899";""
"31";"omezit";"5574";""
"32";"omezovat";"3273";""
"33";"otřást";"1996";""
"34";"ovládat";"5895";""
"35";"pěstovat";"3090";""
"36";"plazit";"906";""
"37";"pohádat";"790";""
"38";"potkávat";"1867";""
"39";"poučit";"1819";""
"40";"prezentovat";"3294";""
"41";"probírat";"2431";""
"42";"prodírat";"832";""
"43";"prokázat";"5747";""
"44";"proměňovat";"1307";""
"45";"prosazovat";"2852";""
"46";"proslavit";"1508";""
"47";"přenášet";"2721";""
"48";"přenést";"3433";""
"49";"přesouvat";"1178";""
"50";"přijít";"79115";""
"51";"pyšnit";"957";""
"52";"realizovat";"5286";""
"53";"rozčilovat";"1379";""
"54";"rozhostit";"827";""
"55";"rozplývat";"840";""
"56";"rozumět";"14752";""
"57";"rozvinout";"1700";""
"58";"shromáždit";"1937";""
"59";"snášet";"5804";""
"60";"snést";"3116";""
"61";"soustřeďovat";"971";""
"62";"splnit";"6732";""
"63";"spojovat";"5903";""
"64";"srazit";"3085";""
"65";"stahovat";"2065";""
"66";"svěřovat";"1179";""
"67";"tajit";"2138";""
"68";"tlačit";"4090";""
"69";"třpytit";"773";""
"70";"ubírat";"1359";""
"71";"udát";"881";""
"72";"udržovat";"6132";""
"73";"uklonit";"872";""
"74";"umístit";"7591";""
"75";"utopit";"1276";""
"76";"uzavřít";"8342";""
"77";"vařit";"5414";""
"78";"vázat";"2927";""
"79";"vídat";"2171";""
"80";"vložit";"5733";""
"81";"vrhat";"2209";""
"82";"vykašlat";"862";""
"83";"vymykat";"748";""
"84";"vyrovnávat";"1285";""
"85";"vyvarovat";"933";""
"86";"vzbudit";"4312";""
"87";"zabít";"11571";""
"88";"zalíbit";"841";""
"89";"zapomenout";"18488";""
"90";"zasloužit";"6008";""
"91";"zastavovat";"1790";""
"92";"zavázat";"1535";""
"93";"zhoršit";"1428";""
"94";"zhoršovat";"1371";""
"95";"zjevit";"1046";""
"96";"zjistit";"26639";""
"97";"zlomit";"3138";""
"98";"zmoci";"1377";""
"99";"zvětšovat";"1253";""
"100";"žít";"40762";""
"1";"diskutovat";"2858";""
"2";"domáhat";"634";""
"3";"dopouštět";"751";""
"4";"doslechnout";"625";""
"5";"hromadit";"850";""
"6";"hroutit";"681";""
"7";"klást";"7848";""
"8";"kouknout";"1494";""
"9";"kroutit";"2113";""
"10";"líbat";"2335";""
"11";"linout";"612";""
"12";"měřit";"5066";""
"13";"mihnout";"678";""
"14";"množit";"803";""
"15";"myslet";"82118";""
"16";"nalézat";"1721";""
"17";"namáhat";"890";""
"18";"nechávat";"6550";""
"19";"nosit";"10919";""
"20";"odtáhnout";"2140";""
"21";"odvolávat";"815";""
"22";"opít";"749";""
"23";"otvírat";"2245";""
"24";"ovládnout";"3702";""
"25";"plnit";"5900";""
"26";"podrobit";"1588";""
"27";"pohupovat";"831";""
"28";"pokládat";"4773";""
"29";"poprat";"734";""
"30";"poradit";"6766";""
"31";"pořádat";"5043";""
"32";"potácet";"590";""
"33";"potřebovat";"41657";""
"34";"použít";"18533";""
"35";"povalovat";"645";""
"36";"povídat";"10937";""
"37";"prohánět";"945";""
"38";"prolínat";"753";""
"39";"promítnout";"1191";""
"40";"propadat";"1396";""
"41";"předklonit";"687";""
"42";"převléknout";"808";""
"43";"připojovat";"929";""
"44";"přistihnout";"1623";""
"45";"přít";"676";""
"46";"přitisknout";"2778";""
"47";"přizpůsobovat";"1076";""
"48";"rozbrečet";"721";""
"49";"rozcházet";"663";""
"50";"rozléhat";"583";""
"51";"rozprostírat";"629";""
"52";"rozrůst";"642";""
"53";"roztřást";"698";""
"54";"sebrat";"4714";""
"55";"sehnout";"730";""
"56";"sevřít";"3235";""
"57";"slušet";"2519";""
"58";"soudit";"4568";""
"59";"spekulovat";"1393";""
"60";"splést";"1458";""
"61";"stačit";"31108";""
"62";"stihnout";"6165";""
"63";"stočit";"1122";""
"64";"svléknout";"1628";""
"65";"tisknout";"2859";""
"66";"topit";"1259";""
"67";"toulat";"725";""
"68";"ubytovat";"1194";""
"69";"ukládat";"3041";""
"70";"umět";"25984";""
"71";"uvažovat";"10398";""
"72";"uvolňovat";"1604";""
"73";"uzavírat";"2613";""
"74";"uzdravit";"994";""
"75";"vléci";"1225";""
"76";"vlnit";"659";""
"77";"vloupat";"604";""
"78";"vymanit";"790";""
"79";"vynořovat";"687";""
"80";"vyplácet";"1322";""
"81";"vyřešit";"6511";""
"82";"vysmívat";"699";""
"83";"vytrácet";"694";""
"84";"vzepřít";"653";""
"85";"zachránit";"8534";""
"86";"zachtít";"658";""
"87";"zachytit";"5586";""
"88";"zakládat";"2424";""
"89";"zakousnout";"684";""
"90";"zamýšlet";"1421";""
"91";"zaplést";"825";""
"92";"zapojovat";"928";""
"93";"zašklebit";"710";""
"94";"zbavovat";"1201";""
"95";"zdráhat";"616";""
"96";"zmenšit";"1227";""
"97";"zmenšovat";"1084";""
"98";"zobrazit";"2524";""
"99";"zvětšit";"1327";""
"1";"bojovat";"10543";""
"2";"brodit";"500";""
"3";"cpát";"1035";""
"4";"číst";"18775";""
"5";"dodávat";"11486";""
"6";"donést";"2207";""
"7";"doplňovat";"4182";""
"8";"dusit";"1633";""
"9";"hájit";"2106";""
"10";"hodnotit";"5968";""
"11";"hrabat";"958";""
"12";"chránit";"7916";""
"13";"chytat";"2296";""
"14";"chytnout";"2104";""
"15";"kochat";"506";""
"16";"lámat";"2089";""
"17";"míhat";"515";""
"18";"nakazit";"912";""
"19";"natáčet";"2213";""
"20";"natahovat";"1332";""
"21";"nořit";"607";""
"22";"oddělit";"2632";""
"23";"odtrhnout";"1483";""
"24";"ohlásit";"2213";""
"25";"otřásat";"725";""
"26";"plánovat";"6911";""
"27";"plížit";"534";""
"28";"pobavit";"1619";""
"29";"podít";"517";""
"30";"pojit";"944";""
"31";"položit";"14070";""
"32";"pomstít";"845";""
"33";"posmívat";"575";""
"34";"posouvat";"1336";""
"35";"potulovat";"506";""
"36";"probojovat";"507";""
"37";"prodlužovat";"1161";""
"38";"prodrat";"501";""
"39";"proplétat";"597";""
"40";"provést";"12850";""
"41";"předvést";"4885";""
"42";"překrývat";"772";""
"43";"přiklánět";"492";""
"44";"přiklonit";"499";""
"45";"přistěhovat";"468";""
"46";"radit";"3831";""
"47";"rozbít";"2503";""
"48";"rozbušit";"510";""
"49";"rozjíždět";"708";""
"50";"rozletět";"541";""
"51";"rozlévat";"576";""
"52";"rozlít";"670";""
"53";"rozpustit";"1533";""
"54";"rozrůstat";"491";""
"55";"rvát";"1121";""
"56";"sblížit";"622";""
"57";"setmít";"477";""
"58";"seznamovat";"914";""
"59";"schoulit";"488";""
"60";"sjet";"1948";""
"61";"slavit";"4548";""
"62";"slyšet";"34792";""
"63";"spřátelit";"575";""
"64";"strhnout";"2853";""
"65";"sunout";"640";""
"66";"svalit";"662";""
"67";"svíjet";"514";""
"68";"šetřit";"4258";""
"69";"tázat";"616";""
"70";"těžit";"2105";""
"71";"tvrdit";"20445";""
"72";"uchylovat";"506";""
"73";"usazovat";"632";""
"74";"utrhnout";"1125";""
"75";"uvelebit";"542";""
"76";"vdávat";"554";""
"77";"věřit";"29040";""
"78";"vinout";"503";""
"79";"vydařit";"502";""
"80";"vyděsit";"2003";""
"81";"vyklubat";"522";""
"82";"vymknout";"525";""
"83";"vymlouvat";"584";""
"84";"vypařit";"559";""
"85";"vyslovit";"4282";""
"86";"vystřídat";"2944";""
"87";"vznést";"1095";""
"88";"vžít";"516";""
"89";"zabydlet";"556";""
"90";"zaseknout";"588";""
"91";"zatočit";"1054";""
"92";"zavírat";"2234";""
"93";"zazubit";"497";""
"94";"zdařit";"474";""
"95";"zklidnit";"967";""
"96";"zmítat";"840";""
"97";"zmocňovat";"612";""
"98";"zobrazovat";"1896";""
"99";"zpívat";"7994";""
"100";"zračit";"548";""
"1";"bít";"2331";""
"2";"blýsknout";"569";""
"3";"bouřit";"516";""
"4";"budovat";"3075";""
"5";"činit";"9613";""
"6";"distancovat";"404";""
"7";"domlouvat";"862";""
"8";"dovídat";"380";""
"9";"formovat";"1132";""
"10";"hodlat";"6806";""
"11";"chechtat";"436";""
"12";"choulit";"419";""
"13";"chýlit";"374";""
"14";"jíst";"9425";""
"15";"klepat";"1310";""
"16";"kousnout";"1090";""
"17";"krýt";"1679";""
"18";"míchat";"1438";""
"19";"naštvat";"1166";""
"20";"obejmout";"4219";""
"21";"objímat";"1659";""
"22";"obořit";"400";""
"23";"oddávat";"480";""
"24";"odpoutat";"611";""
"25";"ohánět";"447";""
"26";"ochladit";"654";""
"27";"osprchovat";"482";""
"28";"pást";"716";""
"29";"pít";"8734";""
"30";"plavit";"425";""
"31";"poddat";"438";""
"32";"podivovat";"387";""
"33";"podřídit";"1164";""
"34";"pomodlit";"422";""
"35";"potápět";"469";""
"36";"potopit";"747";""
"37";"prodloužit";"2398";""
"38";"projet";"3690";""
"39";"provinit";"396";""
"40";"přátelit";"432";""
"41";"představovat";"25808";""
"42";"předvádět";"2718";""
"43";"přehnat";"997";""
"44";"přeměnit";"1068";""
"45";"převrátit";"875";""
"46";"přezdívat";"793";""
"47";"přikrčit";"418";""
"48";"přinutit";"2436";""
"49";"rozčílit";"816";""
"50";"rozeznít";"603";""
"51";"rozhořet";"453";""
"52";"rozpouštět";"709";""
"53";"řinout";"411";""
"54";"seběhnout";"880";""
"55";"sesypat";"407";""
"56";"shromažďovat";"1076";""
"57";"schylovat";"401";""
"58";"srovnat";"4138";""
"59";"stáčet";"586";""
"60";"stmívat";"482";""
"61";"strachovat";"439";""
"62";"sypat";"1019";""
"63";"šklebit";"431";""
"64";"tísnit";"481";""
"65";"tradovat";"441";""
"66";"uchechtnout";"380";""
"67";"uchytit";"564";""
"68";"ukrýt";"1672";""
"69";"uložit";"7116";""
"70";"umýt";"1735";""
"71";"urazit";"2140";""
"72";"uskutečňovat";"862";""
"73";"ustálit";"476";""
"74";"uživit";"907";""
"75";"volit";"6092";""
"76";"vybavovat";"1767";""
"77";"vyhoupnout";"429";""
"78";"vyjímat";"874";""
"79";"vykoupat";"593";""
"80";"vyplnit";"2583";""
"81";"vypracovat";"2464";""
"82";"vyprávět";"14005";""
"83";"vysmát";"468";""
"84";"vystavovat";"2072";""
"85";"vysvětlovat";"14236";""
"86";"vzdělávat";"779";""
"87";"vzchopit";"416";""
"88";"vzpírat";"461";""
"89";"vztekat";"416";""
"90";"zahřát";"1228";""
"91";"zalesknout";"384";""
"92";"zaobírat";"429";""
"93";"zapomínat";"3615";""
"94";"zastat";"661";""
"95";"zastavět";"768";""
"96";"zdvojnásobit";"736";""
"97";"zjevovat";"468";""
"98";"zorientovat";"501";""
"99";"ztotožnit";"591";""
"100";"ženit";"477";""
"1";"aplikovat";"2423";""
"2";"běžet";"10402";""
"3";"blýskat";"482";""
"4";"budit";"2525";""
"5";"datovat";"833";""
"6";"dobrat";"402";""
"7";"dopracovat";"495";""
"8";"dosáhnout";"17774";""
"9";"dostavovat";"352";""
"10";"dovolat";"492";""
"11";"dýchat";"4773";""
"12";"chápat";"19128";""
"13";"informovat";"7429";""
"14";"jmout";"496";""
"15";"koncentrovat";"590";""
"16";"kouřit";"3730";""
"17";"krást";"2205";""
"18";"kutálet";"425";""
"19";"kymácet";"346";""
"20";"mazlit";"382";""
"21";"nadát";"334";""
"22";"oběsit";"550";""
"23";"obětovat";"1882";""
"24";"obléci";"1929";""
"25";"odstranit";"5885";""
"26";"ohřát";"808";""
"27";"opravit";"3507";""
"28";"opravovat";"1702";""
"29";"optat";"322";""
"30";"osvobodit";"1735";""
"31";"otřít";"2018";""
"32";"pokazit";"1212";""
"33";"polekat";"548";""
"34";"poohlédnout";"357";""
"35";"potloukat";"361";""
"36";"pozdravit";"2476";""
"37";"prohlubovat";"713";""
"38";"protahovat";"769";""
"39";"předhánět";"366";""
"40";"přemístit";"1027";""
"41";"převalit";"386";""
"42";"převalovat";"473";""
"43";"příčit";"324";""
"44";"přihnat";"379";""
"45";"přiznávat";"3549";""
"46";"rozbíhat";"405";""
"47";"rozdělovat";"1591";""
"48";"rozeběhnout";"379";""
"49";"rozevřít";"889";""
"50";"rozlétnout";"341";""
"51";"rozmnožovat";"490";""
"52";"rozpínat";"418";""
"53";"rozpomenout";"433";""
"54";"rozpovídat";"380";""
"55";"rozptýlit";"1082";""
"56";"rozvádět";"674";""
"57";"rušit";"3114";""
"58";"sbíhat";"492";""
"59";"sbírat";"4130";""
"60";"shánět";"2075";""
"61";"skrýt";"2030";""
"62";"skvět";"321";""
"63";"složit";"4459";""
"64";"spát";"14688";""
"65";"stupňovat";"532";""
"66";"svítit";"4315";""
"67";"svlékat";"709";""
"68";"ujišťovat";"1672";""
"69";"upínat";"469";""
"70";"usídlit";"375";""
"71";"uvést";"31577";""
"72";"vézt";"2188";""
"73";"vmísit";"369";""
"74";"vyhrabat";"745";""
"75";"vyklonit";"344";""
"76";"vylučovat";"1923";""
"77";"vyřítit";"356";""
"78";"vytáhnout";"12103";""
"79";"vytahovat";"1957";""
"80";"vytrhnout";"2180";""
"81";"vyučit";"418";""
"82";"vyvalit";"523";""
"83";"vztyčit";"855";""
"84";"zabořit";"979";""
"85";"začervenat";"335";""
"86";"zacházet";"2439";""
"87";"zamotat";"580";""
"88";"zaposlouchat";"363";""
"89";"zaradovat";"324";""
"90";"zavrtět";"5528";""
"91";"zhoupnout";"386";""
"92";"získávat";"5001";""
"93";"zkoušet";"6059";""
"94";"zlíbit";"357";""
"95";"zotavit";"364";""
"96";"zpomalit";"2043";""
"97";"zrychlit";"1354";""
"98";"ztotožňovat";"527";""
"99";"zúčastňovat";"353";""
"100";"zvrtnout";"370";""
"1";"aktivovat";"1274";""
"2";"červenat";"393";""
"3";"dožívat";"394";""
"4";"hnusit";"291";""
"5";"kamarádit";"500";""
"6";"klanět";"323";""
"7";"kolébat";"428";""
"8";"kombinovat";"2269";""
"9";"křížit";"418";""
"10";"míjet";"2155";""
"11";"minout";"2687";""
"12";"mrknout";"1910";""
"13";"mstít";"336";""
"14";"mýt";"1083";""
"15";"nahrnout";"362";""
"16";"napnout";"648";""
"17";"navrátit";"612";""
"18";"nedostávat";"306";""
"19";"nutit";"6399";""
"20";"obnovit";"2731";""
"21";"oddat";"525";""
"22";"odlepit";"415";""
"23";"opozdit";"330";""
"24";"patřit";"44727";""
"25";"péci";"2050";""
"26";"podepisovat";"990";""
"27";"podřizovat";"401";""
"28";"podvolit";"324";""
"29";"porozhlédnout";"316";""
"30";"postupovat";"5096";""
"31";"posunovat";"614";""
"32";"poškrábat";"470";""
"33";"prohloubit";"761";""
"34";"prohýbat";"346";""
"35";"propojit";"2375";""
"36";"předávat";"2326";""
"37";"přehoupnout";"333";""
"38";"přehrabovat";"338";""
"39";"přetahovat";"412";""
"40";"přetrhnout";"515";""
"41";"přidržovat";"853";""
"42";"přilepit";"981";""
"43";"připlést";"281";""
"44";"připomínat";"13364";""
"45";"rozkřiknout";"303";""
"46";"rozlišovat";"2485";""
"47";"rozložit";"2019";""
"48";"rozpoutat";"821";""
"49";"roztrhnout";"804";""
"50";"roztříštit";"485";""
"51";"rozzlobit";"535";""
"52";"sjíždět";"867";""
"53";"sledovat";"23428";""
"54";"spálit";"1840";""
"55";"spouštět";"1661";""
"56";"srážet";"756";""
"57";"srovnávat";"1890";""
"58";"stanovit";"6966";""
"59";"střetávat";"298";""
"60";"střílet";"3360";""
"61";"svírat";"2911";""
"62";"škrábat";"786";""
"63";"šourat";"284";""
"64";"udávat";"1812";""
"65";"udusit";"547";""
"66";"upravit";"5041";""
"67";"upravovat";"2686";""
"68";"utápět";"328";""
"69";"utvářet";"1055";""
"70";"vkládat";"1650";""
"71";"vozit";"2094";""
"72";"vybírat";"7140";""
"73";"vyčerpat";"1478";""
"74";"vycházet";"14619";""
"75";"vyjasnit";"646";""
"76";"vymezovat";"1100";""
"77";"vypínat";"742";""
"78";"vypnout";"2970";""
"79";"vysílat";"2620";""
"80";"vysvětlit";"15907";""
"81";"vyškrábat";"411";""
"82";"vyžadovat";"10448";""
"83";"zabránit";"6111";""
"84";"zadrhnout";"323";""
"85";"zaleknout";"298";""
"86";"zaplnit";"1840";""
"87";"zasadit";"1771";""
"88";"zastydět";"315";""
"89";"zatáhnout";"1894";""
"90";"zavazovat";"759";""
"91";"zhostit";"319";""
"92";"zkrátit";"1552";""
"93";"zkusit";"11211";""
"94";"zmýlit";"345";""
"95";"zotavovat";"285";""
"96";"zpracovávat";"2092";""
"97";"zrcadlit";"517";""
"98";"zřeknout";"282";""
"99";"zříci";"293";""
"xx";"stanout";"1349";""
"xx";"zahřívat";"790";""
"xx";"zužovat";"415";""